{
  "spread": {
    "real": {
      "mean": 1.3291780031699818,
      "median": 1.4722231403848198,
      "p95": 2.346080521587848
    },
    "gen": {
      "mean": 0.569240391254425,
      "median": 0.5691182017326355,
      "p95": 0.5698815882205963
    },
    "ks": 0.7694444444444445
  },
  "depth_bid": {
    "real": {
      "mean": 0.00015951092047633217,
      "median": 0.00014897996321281993,
      "p95": 0.00030837004969645553
    },
    "gen": {
      "mean": 0.00016446676454506814,
      "median": 0.00016438562306575477,
      "p95": 0.00016539275529794394
    },
    "ks": 0.5805555555555556
  },
  "depth_ask": {
    "real": {
      "mean": 1.6879412274631609,
      "median": 1.6520208367078348,
      "p95": 4.142784849314048
    },
    "gen": {
      "mean": 1.7300533056259155,
      "median": 1.730265736579895,
      "p95": 1.742418885231018
    },
    "ks": 0.5152777777777777
  }
}